[
    {
        "name": "projects/660557070780/installations/ecINtlahkgYfZW8YJEHwxu",
        "fid": "ecINtlahkgYfZW8YJEHwxu",
        "refreshToken": "1//03EhbW3MHvpW4CgYIARAAGAMSNwF-L9IrEr4LoDnlsK2e-nILrdrJiZk9e8IaEnMbTS8aeVIGq5gRSTETSBC01K8gbXny8sFoZ04",
        "authToken": {
            "token": "eyJhbGciOiJFUzI1NiIsInR5cCI6IkpXVCJ9.eyJhcHBJZCI6IjE6NjYwNTU3MDcwNzgwOmlvczpmMTNlMjk5ZjMzZjEwZWJhOWMyYmI5IiwiZXhwIjoxNjk5ODk1NDA4LCJmaWQiOiJlY0lOdGxhaGtnWWZaVzhZSkVId3h1IiwicHJvamVjdE51bWJlciI6NjYwNTU3MDcwNzgwfQ.AB2LPV8wRgIhAIuAPZFZdr0DXWGYQSkgolUGuSvv_8OVVJMf7IQp6Tm0AiEArHU9bT9MxCVwgBVSCO9rkgmOaIvkr0YvXUhZE-u_Rtc",
            "expiresIn": "604800s"
        }
    }
]